{
    "token": "NDk0MDYxODgyMDU1OTgzMTA0.DouCxw.zG_iaG0008uuBQRV5RlCwBKGuss",
    "oauth_secret" : "qCBnFmH0EarHlGtTAMcOVp2il4h1X2pA",
    "oauth_client" : "494061882055983104",
    "oauth_redirect" : "http://localhost:3456/callback",
    "command_char": "(",
    "tagline": "Reviving all the humans",
    "dev_ids": [
        "279935071165743105",
        "240365702790381568",
        "229870233060507648"
    ],
    "tts": {
      "google": {
        "enabled": true,
        "enforce_limit": true,
        "limit": 1000000
      },
      "watson": {
        "enabled": false,
        "enforce_limit": true,
        "limit": 1000000
      },
      "amazon": {
        "enabled": true,
        "accessKeyId":"AKIAQL2EJAUDNNFJPXV7",
        "secretAccessKey": "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",
        "enforce_limit": true,
        "limit": 5000000
      },
      "azure": {
        "enabled": false,
        "subscriptionKey": "1bd7e1da967147d3b0d2707bfb597301",
        "enforce_limit": true,
        "limit": 1000000
      }
    },
    "logging" : {
      "err" : true,
      "out" : true
    }
}
