{
  "dev_ids": ["279935071165743105"],
  "token": "yourdiscord.tokenhere",
  "command_char" : "!",
  "logging" : {
    "err" : true,
    "out" : true
  },
  "advertise_streamer": "myselfwhat",
  "supportServer":{
    "id": "490087447758241793"
  },
  "pester_threshold": 100000,
  "twitch_audioQueue_limit": 10,
  "servers": {
    "-1": {
      "pester_threshold": 100000,
      "daily_char_limit": 10000,
      "twitch_audioQueue_limit": 10
    }
  },
  "tts": {
    "google": {
      "enabled": true
    },
     "azure": {
       "subscriptionKey":"",
       "enabled": false
     },
     "amazon": {
      "region": "us-east-1",
      "accessKeyId":"",
      "secretAccessKey": "",
      "enforce_limit": true,
      "limit": 5000000,
      "enabled": true
     },
     "watson": {
      "enabled": false
     }

  }
}
